0,1500,3.861796441086933,-0.9498941526421825
0,2500,3.8245236000190523,-0.7978712828450618
0,3000,3.871850409057516,-0.6228119345169314
0,4000,3.8754069711632093,-0.09224213863696162
0,6000,4.0959424871559555,1.7993874045900702
0,8000,4.216775530601009,3.786906441751831
0,10000,4.09818296876068,5.449835518556887
1,3000,4.693544961485603,-0.8977588079309968
1,4000,4.555094434136102,-0.5234546035883545
1,5000,4.61977155289077,-0.02926955810744447
1,6000,4.640936065574998,0.8430495069918131
1,7000,4.696747065768292,1.6329049311716504
1,8000,4.700618533566944,2.60950782362901
1,9000,4.730960748415498,3.416169853127335
1,10000,4.5288438001058555,4.390325604341902
1,11000,4.260623962300718,5.263848211503079
2,5000,4.052196831491159,-0.9963668028786987
2,6000,3.985585031198032,-0.8277996813687496
2,7000,3.8778484253668797,-0.42803990700690964
2,8000,3.784631372949688,0.588833169139408
2,9000,3.7553975506937887,1.4322395236064365
2,10000,3.7983878894090832,2.466136645457967
2,11000,3.6275042246339444,3.301147463998321
2,12000,3.428667908780625,4.413115629338126
2,13000,3.301837807508087,5.427689279694933
3,7100,4.079224696327539,-0.9050309484534402
3,7500,4.138166215269786,-0.6182188465389005
3,8000,4.26725361666627,-0.33300238641636515
3,8500,4.229440304629501,-0.32096032422480913
3,9000,4.23490063872252,0.8405142190727473
3,9500,4.287959253317107,1.4180931477083556
3,10000,4.337870335158216,2.03957142905256
3,10500,4.37601839943269,2.5742035690105203
3,11000,4.317799829763368,3.1238804894838577
3,11500,4.280198246427577,3.73857850122341
3,12000,4.232087659844661,4.191703982720212
3,12500,4.07200494118937,4.718510321934155
3,13000,3.961774145622722,5.264895561599154
3,13500,3.933547608740442,5.512116209310352
4,10500,4.28542813636982,-0.9716871296682887
4,11000,4.1659793989785765,-0.8876772664271844
4,11500,4.058479052157196,-0.7110167449684828
4,12000,4.024535918849944,-0.527739909077023
4,12500,3.998340714737985,-0.2757697331756921
4,13000,3.9249915993970665,-0.1250309228376989
4,13500,3.9586001045021266,0.6956482396750121
4,14000,3.9872436382275263,1.1008232666343205
4,14500,4.002372364925313,1.5382454336743114
4,15000,4.026197081940964,2.0231259029820077
4,15500,3.940138443671973,2.503798593050403
4,16000,3.8844482044500577,2.997855319185156
4,16500,3.773613030262008,3.4636871040107913
4,17000,3.692948622976502,4.021801298141413
4,17500,3.5042224812894807,4.581093918618963
4,18000,3.3585843350249203,5.123214119749419
4,18500,3.2703866386825844,5.41238968303141
5,10500,4.7053186559524685,-0.9962174708628364
5,11000,4.599462968039175,-0.8923966009605966
5,11500,4.530215160968777,-0.7905943740814445
5,12000,4.411245287634619,-0.6019172371441086
5,12500,4.3591328811476835,-0.3038059595774092
5,13000,4.389650127810122,-0.010651470464559942
5,13500,4.397879868681629,0.4087513671351668
5,14000,4.379358045523368,0.8826578992619432
5,14500,4.34233176873072,1.3646003222813063
5,15000,4.30344515005104,1.9271304950100796
5,15500,4.3619680821725275,2.433958585199104
5,16000,4.300542676980685,2.8909387109607407
5,16500,4.268156439472131,3.354037633400539
5,17000,4.190149863484924,3.9511651802715484
5,17500,4.089053866544062,4.453802924414728
5,18000,3.9672843052361975,4.86040565460875
5,18500,3.8110150969711505,5.374769234092193
6,10500,5.101968348990297,-0.9645422659153091
6,11000,4.943397693007154,-0.8760242038126287
6,11500,4.809279888909437,-0.8090291330346666
6,12000,4.740073194785635,-0.6669293908387086
6,12500,4.804030256118064,-0.39535688434410776
6,13000,4.775400379587865,-0.04489524948976298
6,13500,4.848897108655857,0.4558832515295661
6,14000,4.827477839797632,0.8785499230801448
6,14500,4.8596414660774006,1.377710714067229
6,15000,4.882541687535078,1.854443872188908
6,15500,4.880484514031368,2.423868624689433
6,16000,4.836506075176342,2.993460667620208
6,16500,4.797189584076331,3.516762051210419
6,17000,4.677970886575139,4.036495015346921
6,17500,4.58544261749193,4.579947215141169
6,18000,4.476419602111809,5.150681212225962
6,18500,4.369060992898576,5.535908646565038
7,14000,4.181654573295418,-0.993754107929055
7,14500,4.237679491221746,-0.8820114164723774
7,15000,4.225730642186813,-0.6952989318483902
7,15500,4.233949409997313,-0.4592238337279171
7,16000,4.284397750863382,-0.051289542943226074
7,16500,4.315897065400739,0.4652619658028705
7,17000,4.254913549917629,1.0432134919771907
7,17500,4.182180983832982,1.6569395231085595
7,18000,4.17882821271983,2.2779452081215745
7,18500,4.119847435256097,2.8927761872875264
7,19000,3.946207270822854,3.626158523023146
7,19500,3.778210449018249,4.23416579600041
7,20000,3.516038823682117,4.761511771843569
7,20500,3.264996178735439,5.309919188998735
8,14000,3.9484410798560896,-0.9618516067825751
8,14500,3.873343512201732,-0.8138845213317438
8,15000,3.907991692870767,-0.6754282601194497
8,15500,3.913783655227439,-0.36780835754892305
8,16000,3.916390850683846,-0.026868869629495862
8,16500,3.8622049642056018,0.6570063924095506
8,17000,3.844362976403918,1.3336530713503487
8,17500,3.7568336219529437,1.882388883951096
8,18000,3.647979135878253,2.4364022898181847
8,18500,3.48729459070307,3.0308710771277987
8,19000,3.2590512867989254,3.661751357558202
8,19500,3.10782928667414,4.25074201728968
8,20000,2.923042278513865,4.847752376666017
8,20500,2.735102006090666,5.304026571320334
9,14000,3.5413210148431045,-0.9969424664932585
9,14500,3.5183823251957236,-0.8528052654835041
9,15000,3.5970927148071903,-0.6863044835891388
9,15500,3.518626882185359,-0.4248024077295467
9,16000,3.452657135698252,-0.06310070304672522
9,16500,3.435257442784377,0.4565949931093143
9,17000,3.425563915497979,1.0945460899695552
9,17500,3.491881139034689,1.6380846698694262
9,18000,3.421788133489561,2.2865471894508937
9,18500,3.2697794408881844,2.730554709877758
9,19000,3.078167141622747,3.319414348413132
9,19500,2.7135139859069373,3.8885978281441096
9,20000,2.5171560324336646,4.323169321842761
9,20500,2.2671707281623856,4.873472403376063
9,21000,2.13562983849277,5.368052202947569
10,11000,1.7280199861187562,-0.9518869164449919
10,11500,1.480125783845586,-0.8542931557870244
10,12500,1.1802306971749,-0.5812191767922168
10,13000,0.9985563614620139,-0.32240197945148097
10,13500,0.9302232152560741,-0.010260188165319484
10,14000,0.7264874992053496,0.39197285034731744
10,14500,0.6654257300695736,0.8893140273979858
10,15000,0.6113928448338521,1.308611307560649
10,15500,0.5058065666251643,1.7166252574306418
10,16000,0.49952214955083374,2.281500060331056
10,16500,0.49752058807710053,2.669266140751908
10,17000,0.5626413885113584,3.174792385260959
10,17500,0.6331842686412799,3.6788939840200987
10,18000,0.6089272704820106,4.214101995425373
10,18500,0.5989009759805235,4.627108311163724
11,11000,2.0633377601949023,-0.8628599519190332
11,11500,1.8399160599558453,-0.7584694356170232
11,12000,1.6231854710950424,-0.6034089043574737
11,12500,1.3289219209133938,-0.3722175227442128
11,13000,1.1741465133410163,-0.020116212642644626
11,13500,1.2594528253819206,0.3423662376439385
11,14000,1.3021907519678262,0.6727137718085809
11,14500,1.2006261455648621,1.030715205301585
11,15000,1.1761500354491599,1.4581484716642406
11,15500,1.1144188023053196,1.8748855298029934
11,16000,1.055842081334255,2.2927659322506244
11,16500,1.1018304939187056,2.6692673084013405
11,17000,1.0983170603881875,3.100313019836142
11,17500,1.1497750398038118,3.6391499417557815
11,18000,1.1794287825314882,4.018440418210598
11,18500,1.1189123416092182,4.507104936159487
11,19000,1.0837451311286141,5.02455037163321
12,12500,1.5461502783849665,-0.955873061347134
12,13000,1.3158595723206261,-0.7789526950228502
12,13500,1.0125576198716963,-0.6160475548604571
12,14000,0.8575912165710902,-0.2668152755265658
12,14500,0.7861816313378691,0.11583832458535559
12,15000,0.5850680977083682,0.49295763389937663
12,15500,0.47004802526422207,0.9614109276450304
12,16000,0.4220278493557643,1.405847703994303
12,16500,0.42278956402467394,1.8451222516060923
12,17000,0.5296672211049414,2.2839774157572474
12,17500,0.5352783678461055,2.7875384077145062
12,18000,0.5742856617479752,3.2384802821581284
12,18500,0.5694329582328876,3.7628334991774173
12,19000,0.5737387969662056,4.1970561967856606
12,19500,0.523348990707718,4.593800256484394
13,12500,1.9553652959695214,-0.8082218023718211
13,13000,1.7170169730792662,-0.7053521751625129
13,13500,1.4342325293043539,-0.5349473970377394
13,14000,1.290156469885786,-0.2734508113986638
13,14500,1.1986273331674155,-7.630071581270492e-4
13,15000,1.1001753851577112,0.2774898635348304
13,15500,1.0277409671429831,0.7206159654864468
13,16000,1.0001254116601084,1.1977574136100104
13,16500,1.06242072593274,1.7349345254658468
13,17000,1.0565985397388884,2.1363411291114156
13,17500,1.0647517619932296,2.6662139509382525
13,18000,1.106601492214411,3.1248595785258724
13,18500,1.1568350529296945,3.639734682720319
13,19000,1.1844717048969606,4.141195384025657
13,19500,1.088468171153373,4.572983626176052
13,20000,1.0730220104923385,4.938994628578785
13,20500,1.0249488038324879,5.268860592610594
14,12000,2.859927807984077,-0.8816120996460315
14,12500,2.5394078757423655,-0.8381446877047591
14,13000,2.221530675391679,-0.7371134856558061
14,13500,1.8854877981383877,-0.5757036930075903
14,14000,1.6345636671018315,-0.5011006528836832
14,14500,1.4453730798050657,-0.4709377865474842
14,15000,1.1649218260903016,-0.2224171770281882
14,15500,1.2129275301715507,0.18202340572227182
14,16000,1.380404606336051,0.5474326726927732
14,16500,1.4211047088930489,1.2033639100862739
14,17000,1.4870349311943318,1.6690539966856055
14,17500,1.4291473411439615,2.149384115322155
14,18000,1.4983348274032462,2.85054403900135
14,18500,1.5791943516499822,3.2351411029281962
14,19000,1.6772388927252617,3.530857317414562
14,19500,1.7469679296138851,4.051049788464229
14,20000,1.7401063725146093,4.647687656585735
14,20500,1.696510072240872,5.331325818733715
15,14000,0.875848937686003,5.033074223601648
15,14500,1.0879086749221507,4.701520778118536
15,15000,1.2810805916264103,4.347285259003041
15,15500,1.4412835337232952,3.9966097745008016
15,16000,1.5802321071357674,3.659712837411482
15,16500,1.7599944535091945,3.2658430615358203
15,17000,1.9035967248150873,2.949312239774499
15,17500,2.052121128165803,2.621931962173721
15,18000,2.1979144276536022,2.308613725294731
15,18500,2.340111334520417,2.020207918628682
15,19000,2.448315944509978,1.683139860656183
15,19500,2.485912489105673,1.433361086903202
15,20000,2.559205275256657,1.0828807416726485
15,20500,2.5885061554554962,0.9075356980198364
15,21000,2.7918039788614015,0.7028664773130555
15,21500,2.7933397922358454,0.6622905510946224
15,22000,2.871954024929738,0.5559772002887455
15,23500,2.8723770188743147,0.5457091623011276
15,24000,2.9499909175929906,0.47962775842604044
15,24500,3.035933806681027,0.4241845988499948
15,25000,3.2559659155538156,-0.23142137179856848
15,25500,3.5303254398211017,-0.04986303898867073
15,26000,3.773020233236541,-0.1944527115941299
15,26500,3.967939292305325,-0.5047656391479141
15,27000,4.069501689585147,-0.720541899800915
15,27500,4.0903164478835965,-0.8457871544911484
15,28000,3.996283739112468,-0.9362849914336184
15,28500,3.810863068098561,-0.9979824713423087
16,14500,1.6034834549511592,5.190284351857474
16,15000,1.801407685183884,4.760991526176312
16,15500,1.954870839459474,4.4382614807437255
16,16000,2.1004250764359877,4.087642955559035
16,16500,2.308975049409315,3.697378131980381
16,17000,2.458803589800061,3.394236054575072
16,17500,2.5768059250490873,3.08595573088507
16,18000,2.699661609180464,2.7424126754033638
16,18500,2.769759472329344,2.485268334214258
16,19000,2.9663469005672694,2.026661484027617
16,19500,3.068628371366243,1.8535530101296587
16,20000,3.1412701113370725,1.6748262799827103
16,20500,3.281266931829295,1.3263159641295137
16,21000,3.311158144365592,1.104908398139591
16,22000,3.3509142365336286,1.1179768784967417
16,22500,3.3683336945507785,1.0997297199580092
16,23000,3.4153180673413486,1.004689256946817
16,23500,3.5414536649264248,0.6103638218623222
16,24000,3.602537257978665,0.3442481310780354
16,24500,3.6447987385238996,-0.10906188843674558
16,25000,3.6227383686845345,-0.33776340275040573
16,25500,3.5475848919360216,-0.5234621727376281
16,26000,3.507513356729671,-0.6842844154791852
16,26500,3.4505657122334856,-0.7776789615091109
16,27000,3.375606830310458,-0.8150443229693947
16,27500,3.196064259490152,-0.8809176160919909
16,28000,3.153786656755285,-0.9010377219530481
17,28000,6.299243332989448,-0.8321695718180933
17,28500,6.373334492801714,-0.6988207973759017
17,29000,6.313863613243688,-0.3759703581518852
17,29500,6.34143870004603,-0.17093853641547696
17,30000,6.37569085912721,-0.3558338194567865
17,30500,6.443568564811015,0.7840503311848259
17,31000,6.390663836914353,1.2071272442181082
17,31500,6.3154861973596645,1.573901817888554
17,32000,6.09608190787427,1.981553564479717
17,32500,5.895512053646993,2.400992836366749
17,33000,5.58240679706187,2.793578489228572
17,33500,5.285007498167012,3.1954374486366373
17,34000,5.007095061208172,3.5813265249296204
17,34500,4.732232376708465,3.9584893714940015
17,35000,4.587705105530944,4.221209822775011
17,35500,4.367351476913943,4.659869132492722
17,36000,4.145302695158744,5.175751990392201
17,36500,3.963060391588413,5.482979191114555
18,31000,6.2721875322757805,-0.6971153110875132
18,31500,6.3562672730351135,-0.5889993996888134
18,32000,6.346805008254406,-0.3665570327019223
18,32500,6.320137580086061,-0.11423167825827774
18,33000,6.247883271280439,-0.2590320713674483
18,33500,6.137327059050282,0.7072053348434757
18,34000,6.029569918145443,1.057310584694914
18,34500,5.954748166607846,1.5444663600290385
18,35000,5.9318972067943,1.9216686876800906
18,35500,5.797694715480461,2.4638755745976066
18,36000,5.553707834965116,2.994108534058291
18,36500,5.294985937970553,3.3987944893632456
18,37000,5.089830247425823,3.965482434538104
18,37500,4.755427460511932,4.601120951763309
18,38000,4.514260590975573,5.074193755197523
18,38500,4.308507725603659,5.499188500126078
19,30500,6.812899622872738,-0.8223196045653771
19,31000,6.83330426681949,-0.6451767101829122
19,31500,6.781830401410244,-0.38915556709189136
19,32000,6.751886410240775,-0.040655765911540076
19,32500,6.773882616065565,-0.38808586091511454
19,33000,6.716282776967721,0.7750296670389778
19,33500,6.651333681460511,1.268211083346325
19,34000,6.503681441559296,1.6853111004307335
19,34500,6.430151062901126,2.027412055482742
19,35000,6.260981089969364,2.4131629079191588
19,35500,6.050890439584357,2.976267846546147
19,36000,5.849312849974064,3.4124092723805175
19,36500,5.641897811183952,3.904866683409543
19,37000,5.439115687771407,4.328384718329425
19,37500,5.325430794085526,4.82284137936292
19,38000,4.979956227902601,5.310875320622443
19,38500,4.751468829462013,5.567888284306262
20,36000,6.483734021635449,-0.7402126430294405
20,36500,6.460937231346249,-0.554406890621193
20,37000,6.550705608670146,-0.3632857090620485
20,37500,6.510339733932749,-0.10047525343382357
20,38000,6.492066945559319,-0.41896809210892805
20,38500,6.468443228840492,0.8687498769024367
20,39000,6.32366125933107,1.2514686818824892
20,39500,6.233402953860869,1.5768464543457932
20,40000,6.1649724801499195,1.9964567487237361
20,40500,6.049445532217394,2.413618723195019
20,41000,5.894345863557776,2.921197570342164
20,41500,5.695594870946918,3.3997242728167123
20,42000,5.474821316486745,3.8297455657126314
20,42500,5.30075505536786,4.389540491982754
20,43000,5.033571768300126,4.881051202334123
20,43500,4.777498945229813,5.2416443363726835
20,44000,4.4641761680789,5.467689568633157
21,36000,6.028187864362802,-0.6795040153578444
21,36500,6.083586805208638,-0.5578843733549363
21,37000,6.110784618407022,-0.3483359094630121
21,37500,6.072364742111937,-0.03688401394590812
21,38000,6.010438994333812,-0.37994530705755825
21,38500,5.944805215224114,0.7435486536631011
21,39000,5.814630728575732,1.1901271997652678
21,39500,5.702629493857378,1.5911940066198227
21,40000,5.5508188386941795,2.0475921134211226
21,40500,5.370150799968821,2.4640574734552914
21,41000,5.231495656550918,2.883550083002541
21,41500,5.074911026104827,3.3404569701036073
21,42000,4.856243611428543,3.7554853454286716
21,42500,4.594882122762386,4.170442269700889
21,43000,4.408810368602943,4.607412948778789
21,43500,4.170658587556568,5.025521103578425
21,44000,4.003449518794405,5.47368213884543
22,40000,4.294257209762448,-0.9438148090694236
22,40500,4.294671644193475,-0.8883516242217051
22,41000,4.195653217911854,-0.6809256225767131
22,41500,4.157595964887623,-0.4211302652621267
22,42000,4.164695223106616,-0.13996698270307917
22,42500,4.139074452384795,-0.29236655248090315
22,43000,4.211441334342611,0.5820499418669405
22,43500,4.320631143145283,1.1180847885438618
22,44000,4.338772230089359,1.7540960187477657
22,44500,4.247103762816866,2.2212587510325825
22,45000,4.1370480146930255,2.73428475477069
22,45500,3.993438091335473,3.1704214650883604
22,46000,3.89158451075292,3.737068706257327
22,46500,3.769789229944487,4.320098030081662
22,47000,3.7056054459765067,4.906241138282822
22,47500,3.613656831837404,5.377456281147289
23,40500,3.6925466583706266,-1.0067407904967087
23,41000,3.652304741555848,-0.8410536344199926
23,41500,3.5705326029456756,-0.6287070790391573
23,42000,3.527936223772701,-0.25388344630475457
23,42500,3.4246112949414504,-0.23445630194941547
23,43000,3.3284404893641275,0.6955878420856103
23,43500,3.183925278940958,1.2021654365650871
23,44500,2.972754695717679,2.0541401456539887
23,45000,2.931277754385376,2.592623704493576
23,45500,2.853082999716114,3.1490723146851747
23,46000,2.9266625360710856,3.58044888629775
23,47000,2.9393233399759966,4.157277067530863
23,47500,2.8898110519911597,4.445993229629213
23,48000,2.791313370520065,4.796300320530032
23,48500,2.751583268045626,5.228463931099116
24,42000,4.1565291405041975,-0.9468795983369551
24,42500,4.110230073576856,-0.7805425558469641
24,43000,3.9942172226854584,-0.5035811113482835
24,43500,3.9932504600831074,-0.15187709053285792
24,44000,3.932660877535797,0.3287267876592588
24,44500,3.887504735435562,0.8426528661380659
24,45000,3.855297456747244,1.3924094226387163
24,45500,3.814957942498089,2.023962839430726
24,46000,3.653107640891206,2.557870353237081
24,46500,3.5129428030865055,3.082008397240237
24,47000,3.4557508720128762,3.7162822490579535
24,47500,3.4211159750823184,4.334149100191384
24,48000,3.4137701424554168,4.684400135607845
24,48500,3.389976918711948,5.145479702194165
24,49000,3.3566184515052404,5.476472245574427
25,41500,4.530432279336468,-0.9561425282376206
25,42000,4.626543436020632,-0.6441482182958769
25,42500,4.636986685848404,-0.3966628645855659
25,43000,4.7657998812071005,-0.1648362085054229
25,43500,4.8681399059216215,-0.3727363089468336
25,44000,4.972786120531808,0.7883173921106583
25,44500,5.020545852244587,1.3324176549797553
25,45000,4.99281493886868,1.7513910443089742
25,45500,4.941609094330165,2.215525019105846
25,46000,4.867664297025007,2.7262675947644524
25,46500,4.707374863679751,3.269799344997078
25,47000,4.60009058058062,3.8795128019419365
25,47500,4.479177495189802,4.241428894373361
25,48000,4.381326632723637,4.709671552302223
25,48500,4.343470651651012,5.192290868944673
25,49000,4.338380683766443,5.520693949878126
26,42500,4.725820134675419,-0.8327851822831591
26,43000,4.530075421992249,-0.653116021840972
26,43500,4.488998288490373,-0.2962319136530165
26,44000,4.448831665229687,-0.25341970366760647
26,44500,4.399105940990227,0.8538674476952468
26,45000,4.419707147391383,1.2541133045432749
26,45500,4.353441805009938,1.9036381070041841
26,46000,4.278087307506101,2.427071983722845
26,46500,4.074232685572801,3.0382032858124903
26,47000,3.92627307536502,3.6090148503034127
26,47500,3.7999360954774017,4.15584805075646
26,48000,3.7409172876072745,4.614714579724914
26,48500,3.748415760170629,5.016988643017696
26,49000,3.7114583846990445,5.449268334559096
27,36500,6.545483196259044,-0.8079363295094297
27,37000,6.668866467130061,-0.7244007439556599
27,37500,6.671962597426677,-0.539189066370565
27,38000,6.653602191902394,-0.14961541809943002
27,38500,6.744501994750113,-0.3641494233194642
27,39000,6.771018902389256,1.0264177330316753
27,39500,6.731371216251075,1.540082395664347
27,40000,6.639142984170631,1.951531002653728
27,40500,6.51495662764649,2.5403889412793337
27,41000,6.390305252326075,3.1629633854951504
27,41500,6.281190483585845,3.647254616426444
27,42000,6.157463003170401,4.196402403497087
27,42500,5.950866799544429,4.6156389009961964
27,43000,5.737994201709801,5.089109353341999
27,43500,5.428185459263507,5.580104872530554
28,43500,3.345344814700555,-0.9473366970618717
28,44000,3.3777473811951877,-0.8277089662875969
28,44500,3.4438725107913504,-0.7360178344402057
28,45000,3.4110586826269875,-0.5600816666038542
28,45500,3.3920747412396706,-0.3806702572915448
28,46000,3.368861033817124,-0.08960253161885001
28,46500,3.4048374212403987,-0.1474120251170783
28,47000,3.458174937089578,0.3641506173332072
28,47500,3.449138285719571,0.8675144609717789
28,48000,3.2872051538328995,1.2300424242845582
28,48500,3.1454125112391313,1.4587541042351528
28,49000,2.9789235836897223,1.9282646564496133
28,49500,2.9462364864187167,2.282683679044281
28,50000,2.8493991280825437,2.7379802555760184
28,50500,2.7943038987337756,3.1522674568586346
28,51000,2.678450937699031,3.6976344037895768
28,51500,2.518504031418259,4.049526693405023
28,52000,2.3359173285535286,4.449007982920755
28,52500,2.2089639703467103,4.754530639966742
28,53000,2.118211509597086,5.15621658509959
28,53500,2.0968763280601355,5.364810999924683
29,44000,3.6975704715945703,-0.9569653989421636
29,44500,3.7300366081849985,-0.8221758010569511
29,45000,3.8004734621519134,-0.674008239003602
29,46000,3.9398870833668864,-0.21935188945309347
29,46500,3.909911176173897,-0.10222218226304314
29,47500,3.8120511642662525,0.8567282741019202
29,48500,3.7403653733081628,1.705166662106011
29,49500,3.510915685573904,2.5289797222540287
29,50500,3.2226732488637655,3.339272821180041
29,51500,2.9681226637224167,4.267872595076915
29,52000,2.864718292453225,4.673045663863693
29,52500,2.6998474518390987,5.055115893893772
29,53000,2.5890077818671093,5.374409958005798
30,44000,4.103250000745248,-0.9822015159490829
30,44500,4.093553231406103,-0.8579271132902289
30,45000,4.117378648547358,-0.7335957651953486
30,46000,4.2044435820012485,-0.4399535230371896
30,46500,4.248238011271745,-0.11466398113942855
30,47000,4.21786202159784,0.35185100015425474
30,47500,4.205172725944091,0.7259372191857061
30,48000,4.196964761953012,1.2065630126670084
30,48500,4.121525058414935,1.547977024408278
30,49000,4.001334996942418,1.9573468801700669
30,49500,3.92394699270994,2.3541529920890776
30,50000,3.806581195308902,2.7915646104592007
30,50500,3.738032294639699,3.133120000636419
30,51000,3.673183220145787,3.447526331277502
30,51500,3.653144175849669,3.914168335494242
30,52000,3.552762693223829,4.416334495175051
30,52500,3.552109702089199,4.737137841598654
30,53000,3.4487215152962873,5.156922462743754
30,53500,3.3133263500719066,5.447620677019577
31,46500,3.6471805173696863,-1.0107977850436134
31,47000,3.6738340209525298,-0.8568042122479205
31,47500,3.7034489289955026,-0.7324680270222377
31,48000,3.816318679558199,-0.4921458079553638
31,48500,3.875693001792337,-0.266430706878638
31,49000,3.890897324741748,-0.024805618912599137
31,49500,3.85138670012069,0.49036938579169265
31,50500,3.8109300409404554,1.2532917948825402
31,51000,3.7679564893128754,1.6606518968199975
31,51500,3.74439941482793,2.1173910317688582
31,52500,3.6858464754606466,2.882055720309481
31,53000,3.5937746935084505,3.2663907530376832
31,53500,3.4527791417180245,3.754139130056779
31,54500,3.2492675196692247,4.510975844554045
31,55000,3.0392560337484884,4.924501414879582
31,55500,2.878892873238665,5.303266950741801
32,48500,3.7296404162643313,-0.9733054848480553
32,49000,3.8049581614278063,-0.8327561507532852
32,49500,3.783790667544781,-0.7298695478672106
32,50000,3.8096745295349734,-0.5675159812292194
32,50500,3.7939146567763533,-0.3122845810102599
32,51000,3.735420484555508,-0.044800132686058536
32,51500,3.673849961167279,0.40267239536087374
32,52000,3.511662029084821,0.912764052926768
32,52500,3.3855361964540274,1.449809004968107
32,53000,3.2378193136731754,1.9039567230770413
32,53500,3.0664023385886052,2.3275927940170744
32,54000,2.9318295753670016,2.736375055483047
32,54500,2.7384056253388147,3.267549385168845
32,55000,2.555686935732293,3.7555936740017457
32,55500,2.347506212741136,4.22349140904944
32,56000,2.170047357834002,4.649416658826708
32,56500,1.974517904686583,5.059947907941508
32,57000,1.8901250083018564,5.3222879576331925
33,50000,3.761749091363792,-0.9199679326362418
33,50500,3.821926255530161,-0.6938677150967032
33,51000,3.8015281939599364,-0.5122236131828153
33,51500,3.7575807019746366,-0.21336964389232405
33,52000,3.706032441670363,-0.20393288831202483
33,52500,3.6134378039470905,0.7595084353205039
33,53000,3.4544996552725937,1.2631076633418346
33,53500,3.299271106785862,1.7989454622208219
33,54000,3.1900942545658113,2.179089847675649
33,54500,3.065592874832131,2.6206829266579295
33,55000,2.907323581173893,3.0889463231645498
33,55500,2.781504020964105,3.4521535468547992
33,56000,2.623746560413564,3.8363613754567476
33,56500,2.3876757381148224,4.276845666707566
33,57000,2.188461514247167,4.786526882031928
33,57500,2.04009196399417,5.084940370810907
33,58000,1.857929062267071,5.344826317464881
34,51500,3.6428286506781946,-0.9948968703988856
34,52000,3.693098738765584,-0.8189499399162954
34,52500,3.6204396453611656,-0.6646732115059368
34,53000,3.5771135870093547,-0.4003468175488316
34,53500,3.478039584250401,-0.06725366373981467
34,54000,3.382023484262061,0.5043249281239368
34,54500,3.2205107403692077,0.9888253092032642
34,55000,3.0301308705713366,1.373035282123833
34,55500,2.903789278516685,1.867480136250708
34,56000,2.7611183176258374,2.320004642790286
34,56500,2.5638126735784654,2.789658539906869
34,57000,2.350976280866968,3.377498539081228
34,57500,2.1660020610256945,3.8059110215763203
34,58000,2.1272727882026246,4.183682328522568
34,58500,2.0362927595560665,4.472891236441968
34,59000,1.9415385065263848,4.832973093242304
34,59500,1.8698527434786634,5.135470515955765
34,60000,1.767531262400694,5.3372657734285305
35,51500,4.313558927340878,-0.9975951157154794
35,52000,4.229730016339431,-0.886095066592838
35,52500,4.16663313059485,-0.7123845375714599
35,53000,4.092448364641902,-0.3955551800807622
35,53500,4.031151339119043,-0.10076203238553783
35,54000,3.9689501721972036,0.39505339276256546
35,54500,3.868160419831974,0.7802187383007038
35,55000,3.7490189935409655,1.4125513875964875
35,55500,3.567298113799061,1.793183832736149
35,56000,3.435743651949301,2.199238430814297
35,56500,3.3105453416656676,2.683244051576457
35,57000,3.1604232783825834,3.166378781669994
35,57500,3.001125400679461,3.663373664857496
35,58000,2.8339292580092312,4.177503779746389
35,58500,2.80207472010858,4.5643866468346275
35,59000,2.631785850787562,4.930518004755557
35,59500,2.5499518920853097,5.377465276615981
36,51500,4.7649850329135255,-0.9614475680280914
36,52000,4.68049085556711,-0.8340218399545138
36,52500,4.622583291110766,-0.6277442210069153
36,53000,4.582127620999918,-0.38473534084032845
36,53500,4.47636121284986,-0.15888933522804294
36,54000,4.373063972945035,0.6366223657301875
36,54500,4.276164602307919,1.0747914684918678
36,55000,4.171249447807238,1.6088947703826122
36,55500,4.0727873736138545,2.0269421659875855
36,56000,3.9216461334241357,2.536868540497911
36,56500,3.843166093810713,2.961415407685849
36,57000,3.7230510450388863,3.459509122846449
36,57500,3.589674186847776,3.9089093592629647
36,58000,3.409940653254054,4.475166599954579
36,58500,3.2947189292823778,4.91232863027443
36,59000,3.225452494473025,5.402291091585982
37,57500,3.3735205715718406,-0.9502021100938607
37,58000,3.6118563165563122,-0.772821424287006
37,58500,3.589768003991967,-0.5088871163209503
37,59000,3.5594015756427995,-0.11521545109800702
37,59500,3.436558296497566,0.3096645303543859
37,60000,3.2642345016305985,0.802067098637488
37,60500,3.096406085151796,1.3304783002179876
37,61000,2.9739912581941654,1.7076139036616103
37,61500,2.7805398068412845,2.2162981050048054
37,62000,2.5967138592387986,2.691994369514008
37,62500,2.4655843197546607,3.1331797690946117
37,63000,2.2956215754330067,3.6507373199460376
37,63500,2.1413534065117785,4.156086656197036
37,64000,1.9749699144612336,4.680847832440915
37,64500,1.7985343699978875,5.193786201058354
38,58500,3.869742071395705,-0.8756316054431657
38,59000,3.881994761851897,-0.7266788429711779
38,59500,3.9252107512902112,-0.45353292545370527
38,60000,3.9219791132559783,-0.03740514591434341
38,60500,3.8898221033431497,0.3358416616379465
38,61000,3.8323312349587555,0.9087488562267407
38,61500,3.726756059016034,1.4871997276173454
38,62000,3.6302659095663126,1.9906947369249828
38,62500,3.501402439949339,2.553992852869638
38,63000,3.3483017933932864,3.1090989952975665
38,63500,3.1788381021904293,3.570429526420349
38,64000,2.974397965056088,4.152930220814256
38,64500,2.8178449436619477,4.662282808828809
38,65000,2.6194670728879776,5.255978006258504
39,58500,3.1677862314208305,-0.9300844038994085
39,59000,3.324384787805905,-0.8333572105197633
39,59500,3.423270699905939,-0.6558791517141667
39,60000,3.384103480190756,-0.38847000963668554
39,60500,3.3666515155733867,-0.07981635038319768
39,61000,3.4152289279135912,0.5070208405186074
39,61500,3.3864303077692863,1.071637530813053
39,62000,3.304395615428386,1.5946043546496989
39,62500,3.16862619888743,2.1506487422027902
39,63000,2.9955083720332745,2.8085448495578373
39,63500,2.8174559628195377,3.4551255354210744
39,64000,2.6290825625972465,4.080607752371369
39,64500,2.4407470646044658,4.610278347156334
39,65000,2.2503577227318043,5.082978083381078
39,65500,2.0968763280601355,5.364810999924683
40,60500,4.205890244658804,-0.9562720929444528
40,61000,4.1514928487262095,-0.8358520106955174
40,61500,4.194525550340309,-0.7164169972618812
40,62000,4.160659911948938,-0.4960345795488794
40,62500,4.24659629495426,-0.3103150968913182
40,63000,4.226561089645978,-0.09539850948641293
40,63500,4.158559490892381,0.6088545318530554
40,64500,3.9494204586519617,1.505382328721593
40,65500,3.5615704731255535,2.368246038099043
40,66500,3.1783635774619823,3.2321023009289527
40,67500,2.919850657774175,4.263863125069076
40,68000,2.7430597333341353,4.6697705044246565
40,68500,2.6265568999251023,5.068665990653772
40,69000,2.4600927558607824,5.344639830519917
41,61000,3.8153133897271543,-0.9815309686004712
41,61500,3.7471798826172344,-0.7732874316049108
41,62500,3.7117489818511658,-0.35597589631516957
41,63500,3.651168618632342,0.3692776284227772
41,64000,3.596254702380387,0.768276626490815
41,65000,3.197925614066813,1.6514783695525992
41,65500,3.1476152641860473,2.1132456557219035
41,66500,2.822216244923129,3.016904572881517
41,67500,2.5796099479125347,3.674246807987459
41,68500,2.301493582640026,4.467095444626166
41,69500,2.019636358274558,5.288785446131015
42,62500,4.243663351842863,-0.9306537653273326
42,63500,3.9934164696801346,-0.5538186704425097
42,64500,3.746459944735369,-0.12135102884449323
42,65500,3.5549315830342474,1.1050866954619178
42,66500,3.318748751049511,2.100434419693369
42,67500,3.016595911324689,2.5484288627579517
42,68000,2.8033339501678647,3.112720860126479
42,68500,2.6493001350726635,3.5188992800984162
42,69500,2.412523563612167,4.385194852053921
42,70000,2.366872297106741,4.881786233789555
42,70500,2.394819042830842,5.358171736931244
43,62000,4.742404975972727,-0.995470403841153
43,62500,4.621789209820402,-0.9032945595683088
43,63000,4.491711042542148,-0.7503741408648956
43,63500,4.459588886674031,-0.5339177602236136
43,64000,4.382058740931596,-0.21755963266881606
43,64500,4.329638134376179,-0.2544623755673121
43,65000,4.263516681010104,0.8833489840940971
43,65500,4.20597392156524,1.4306429256262452
43,66000,4.119769572931869,1.875304730126786
43,66500,4.0200107136399215,2.3180048718202704
43,67500,3.730764353601395,3.21343725568939
43,68000,3.6806849106479183,3.526484867646955
43,68500,3.6312555679368224,3.677205526058528
43,69000,3.194351748711325,3.8836425046359713
43,69500,2.9314979593847488,4.039820790982547
43,70000,2.6498178861288597,4.454114720507962
43,70500,2.433345454244015,4.887329241400567
43,71000,2.2210463625452057,5.280187382871549
44,63500,3.3652881229756275,-0.9972573298624541
44,64000,3.427228155591668,-0.8511573902039236
44,64500,3.4122645652693615,-0.6401284661822282
44,65000,3.365603802159737,-0.4667059507289495
44,65500,3.3032531893964867,-0.1334351243043308
44,66000,3.21647081227316,0.3340186019310116
44,66500,3.119008410272854,0.7497694998780591
44,67000,2.969552497508123,1.3008807277156005
44,67500,2.853623534614786,1.7624781178928304
44,68000,2.6591068450246276,2.179841676464104
44,68500,2.4272269140728717,2.585160878399382
44,69000,2.21895081098864,3.0078421142716047
44,69500,2.0704808091881253,3.299368945694061
44,70000,1.9904668193136539,3.602630385467939
44,70500,1.864172553587304,3.9292356240354964
44,71000,1.6888851543179069,4.346135135485622
44,71500,1.4888029923229125,4.768478756165651
44,72000,1.2548163252887434,5.224844902617356
45,64000,3.941318676745392,-0.9375281452714845
45,64500,3.9105525851352994,-0.777460716819359
45,65500,3.804959567084354,-0.25383374332534103
45,66500,3.8140420096879017,0.7350600787458133
45,67500,3.670277208479531,1.6900985145119551
45,68000,3.564691136943135,2.0306086566965025
45,69000,3.1551889143140928,2.636548252244826
45,69500,2.760752933911334,3.076856957983532
45,70000,2.476138660181541,3.28552971464903
45,70500,2.3262293580525,3.5384807345854257
45,71000,2.3137812401053335,3.818156752042423
45,71500,2.26376547468226,4.280790890108492
45,72000,2.2904816683842872,4.693532544385906
45,73000,2.0518430944301773,5.329491807801344
46,64500,4.492299245374141,-0.9534932851996425
46,65500,4.347560456038218,-0.6380806385799569
46,66000,4.282991654624952,-0.4360905592592843
46,67000,4.185347108372389,-0.3386149964212306
46,68000,4.063550643233,1.3224828024481114
46,69000,3.9051812826992895,2.3085823592851487
46,70000,3.5290655863576763,3.3407836224181158
46,71000,3.178485304082238,4.126198031923071
46,71500,3.057572617543757,4.509031739973913
46,72000,2.8959701720816335,4.8522242384233945
46,72500,2.7812380392857605,5.295105563773792
47,65000,3.709843966340606,-0.8950731500513482
47,65500,3.6973811696101,-0.6981244524197527
47,66000,3.698390616129923,-0.46439065435642934
47,66500,3.60139618350013,-0.20568678549651587
47,67000,3.47914668468412,0.30254180761945726
47,68000,3.2901942247507288,1.18158205383489
47,68500,3.149130067782174,1.675469029672843
47,69500,2.8354569318103344,2.542089599666566
47,70000,2.7071107784917157,2.743025884691923
47,71000,2.4956719415991584,3.365941008864084
47,71500,2.4353179164677616,3.753163172366864
47,72000,2.34017144675257,4.244350653205759
47,73000,1.9880971141416035,4.830174720659247
47,73500,1.7080992004642175,5.2373103661990745
48,71000,3.523917562623211,-0.8804485919452105
48,71500,3.506410315883013,-0.6144301538054089
48,72000,3.5047916766672014,-0.18498853391883152
48,72500,3.456775821499698,0.38506179451130684
48,73500,2.923764663582264,1.6010117979153482
48,74000,2.7050393672368767,2.1836101433059456
48,74500,2.5189576485516163,3.0569133228945424
48,75000,2.486040643555243,3.712040176335419
48,75500,2.2167190086863657,4.205461051171353
48,76000,2.0085035215226004,4.6836413229517895
48,76500,1.7410173249307892,5.278179941622951
49,70500,3.988340248410494,-0.9712106120828659
49,71000,4.002378515861907,-0.7837530159618358
49,71500,4.015467836162854,-0.46960633782428474
49,72000,4.048825333922723,-0.01678113331805564
49,73000,3.854920517107276,1.3054659794140764
49,73500,3.66501263297424,1.948057435326846
49,74500,3.1594412036751613,3.18239759670596
49,75500,2.7280268793061104,4.383197828499412
49,76000,2.5959768632222167,5.000389385012339
49,76500,2.4200355020774227,5.3855362491358445
50,72500,3.861393446758542,-0.9805744269502084
50,73500,3.715672915780506,-0.528666174724004
50,74500,3.460278499794125,0.33271077580888475
50,75000,3.3607103530979687,0.7084122554294083
50,76000,2.836712542399365,1.6032535519362492
50,76500,2.7286167055454023,1.9621062118197803
50,77000,2.4114677762137937,2.617739302294889
50,77500,2.303942659180983,3.183900270897402
50,78000,2.103380820960287,3.7105880279592793
50,78500,1.852372262385245,4.324526354976553
50,79000,1.557276600025582,4.860822453992409
50,79500,1.2565778012392022,5.269308248570258
51,73000,4.38360187604218,-0.9346706136170972
51,74500,4.142326304686863,-0.0926204377156492
51,75500,3.8871312400626366,1.0331725635205835
51,76500,3.5611065654671554,1.9759493127438952
51,77500,3.1738395547547933,2.9475432408975837
51,78500,2.8315982921824787,3.9281355889211698
51,79500,2.391352042482475,4.970114648538012
51,80000,2.096928019507569,5.358513715192627
52,74000,5.192723747560655,-0.959129025084287
52,74500,4.8906793283373435,-0.8067092681549908
52,75000,4.73254205318319,-0.6724818103618402
52,75500,4.6491967335833335,-0.5064572598774602
52,76500,4.6394551101751835,-0.22595724983260146
52,77500,4.555971404695185,1.0677254244887142
52,78000,4.461884062662175,1.5186082950256883
52,79000,4.269240616320854,2.504811791240714
52,80000,4.07273401201693,3.659820718545614
52,80500,3.92308762545826,4.1879862710837
52,81000,3.7897351105842105,4.674285376788033
52,81500,3.6544290705919256,5.08870260981293
52,82000,3.5728846275226536,5.463006934933263
53,74000,4.5395707498142155,-0.9311169209746151
53,74500,4.3493451969763814,-0.8262233232449505
53,75500,4.083893232408704,-0.5124321576100894
53,76500,3.94191579100094,-0.12640144970774658
53,77500,3.8807498420089432,1.0127493289899987
53,78000,3.8589237033672674,1.6211092467791204
53,78500,3.777751631184712,2.002775457672883
53,79500,3.598676090680594,2.849865218272245
53,80000,3.4884250307495748,3.3928580539868065
53,81000,3.3098626174604524,4.339198580316377
53,82000,3.0168281042504645,5.185982793632809
53,82500,2.8919573119197564,5.425004611253563
54,74500,4.236675428720265,-0.9087611721782216
54,75000,4.068465353214567,-0.7951962641659489
54,75500,3.7436897509166718,-0.5994794358356814
54,76000,3.647372458901791,-0.40397758874495127
54,76500,3.5218507853212184,-0.04917693892893693
54,77500,3.2698041398665145,0.9829041452757585
54,78000,3.1159380638753413,1.5603925645963894
54,79000,3.0599359868790623,2.5861619024055296
54,79500,3.118265473820445,3.0086379459023376
54,80500,3.0369729988119483,3.787908716977717
54,81000,2.8926284704115153,4.254427438971277
54,81500,2.8120679466218848,4.641190921543193
54,82000,2.6442918314898494,5.122380652732834
54,82500,2.5426311141370777,5.402092313126224
55,75000,4.35861190211108,-0.9934341432622085
55,75500,4.252607838473402,-0.9008523644377977
55,76000,4.0847888338352085,-0.7489630172660808
55,76500,3.945547905405876,-0.5311801036214949
55,77000,3.855310333292782,-0.31675350434911786
55,78000,3.7598236253253132,0.4829378313195538
55,78500,3.684021673202711,1.0166335250542708
55,79500,3.4958953979196865,1.9068262544251473
55,80500,3.2340043377264687,2.7023107337411862
55,81500,2.970363530841327,3.5686378160879824
55,82500,2.7165263126348567,4.494640432982199
55,83500,2.3883467250102433,5.357630516425067
56,75500,4.617721783495032,-0.8919478747218501
56,76000,4.591493259937595,-0.7181370993047098
56,76500,4.431074378400142,-0.47694111649157644
56,77500,4.4716122268600556,-0.2016105792270828
56,78000,4.441936549227924,0.693815190987098
56,78500,4.412068810425888,1.1057136106555876
56,79500,4.363267151710702,2.0234598444209952
56,80000,4.26900377561368,2.574040908079177
56,81000,4.07651007184775,3.690977609022932
56,81500,3.7963607085394493,4.19205459741452
56,82000,3.678825997575137,4.54670145464472
56,83000,3.4135927604576546,5.418021185593995
57,76500,4.41725818701426,-0.8695905313345067
57,77500,4.292445860762903,-0.5411157745305877
57,78000,4.160335202690581,-0.17783742678297676
57,79000,4.069778872952016,0.6635811755069234
57,80000,3.94501119364197,1.5525440992801216
57,81000,3.7956606146566276,2.663707045108253
57,82000,3.5579533700111083,3.6941486778547175
57,83000,3.2788237776730433,4.576268783944218
57,83500,3.083292202271635,5.073979487315619
57,84000,2.8803606007764957,5.3987731188544945
58,17500,4.615788730888832,-0.9746310441014088
58,18500,4.532656683610967,-0.6873776708464137
58,19000,4.5396094043871305,-0.3892630676139244
58,19500,4.5274873422100566,-7.564452617834228e-4
58,20000,4.432435561198442,0.6295636302042786
58,20500,4.4005548986418646,1.2670670906231942
58,21500,4.305523963670797,2.3681948593055697
58,22000,4.147637787749683,2.9887611468465263
58,22500,3.966789209881525,3.547160926491031
58,23500,3.6955305049061433,4.558014494299017
58,24000,3.4754433107704648,5.19066720576484
58,24500,3.3118231168391716,5.406353981432973
59,18000,3.978227194893444,-0.9718030590944791
59,19000,3.900282475184123,-0.6384161790812684
59,20000,4.0948576978115225,-0.2781337608324357
59,20500,4.1491859062191265,0.9602421564309926
59,21000,4.014463440364564,1.532925850424387
59,22000,3.79800699402115,2.6358277058251978
59,22500,3.5930979333588446,3.2493029915965383
59,23500,3.1281477010175553,4.333733601639123
59,24000,2.90925262951467,4.817338687317886
59,24500,2.7254039666969456,5.31440189692564
60,19000,4.495890247909557,-1.0327350519076046
60,19500,4.466123712196416,-0.9094676449388945
60,20000,4.479680787492446,-0.7183672402942536
60,20500,4.485399364995741,-0.4670765917085098
60,21000,4.488655634384086,-0.023245534391980183
60,21500,4.5204645261969585,0.49606751009238836
60,22000,4.430549309029889,1.0024654532933819
60,22500,4.387681590048304,1.517475230777051
60,23000,4.253803572087904,2.0275498918616925
60,23500,3.986091313534523,2.65952398324508
60,24500,3.605564154755694,3.5997213151790635
60,25000,3.3168986252891983,4.2178274159728595
60,25500,3.1196263649140734,4.7760806079015925
60,26000,2.9428748672858474,5.369387640881509
61,21500,3.907932053222753,-1.0048864154910655
61,22000,4.022769840540757,-0.7739824748177755
61,22500,4.164067458327371,-0.6231366397132518
61,23000,4.275871282326705,-0.38164168714588564
61,23500,4.349173435891294,-0.03899449610308947
61,24000,4.407334173333124,0.6375037218889834
61,24500,4.398066085559384,1.2196527422739853
61,25000,4.298799259074654,1.8276668363645308
61,25500,4.1369297837140095,2.4135991398681025
61,26500,3.818304571157724,3.489629331012602
61,27000,3.5909907658159774,4.16353646979399
61,27500,3.3995576945279034,4.7005525356664535
61,28000,3.175207206122109,5.196939404194139
61,28500,2.94464457970843,5.448761639030282
62,21500,4.255030443770801,-0.9948413198168011
62,22000,4.399204028797584,-0.8388612496621448
62,22500,4.538730480193049,-0.6410498561076743
62,23000,4.709661025598386,-0.343489208061142
62,23500,4.773633735049307,-0.09434457607793112
62,24000,4.877910577544572,0.6257276997487078
62,24500,4.8394902985462736,1.2177042393202897
62,25000,4.771149870332378,1.9020009185851823
62,25500,4.691057663297139,2.4421965377473596
62,26000,4.447278108023479,3.077059763165017
62,26500,4.192631884372979,3.7152124161972067
62,27000,3.9439414453614168,4.408391252537751
62,27500,3.744968886946964,4.925975630789667
62,28000,3.5361174544432172,5.437336840711808
63,45500,4.461181264627724,-1.0363181291235257
63,46000,4.526657630452696,-0.9533823250795219
63,46500,4.5579470880504855,-0.8661566089202215
63,47500,4.571424454486836,-0.5561862388946719
63,48000,4.608756242055967,-0.2952751333181767
63,48500,4.693525869604808,-0.14019790738401827
63,49000,4.771130933052923,0.6370812893394571
63,49500,4.784767395034956,1.0312960554819406
63,50000,4.802377525984907,1.4959456315110238
63,50500,4.778711909623999,1.9026196555837962
63,51000,4.685278193908482,2.373861209703824
63,51500,4.5507728528574445,2.6647195966663904
63,52000,4.464208578414741,2.9427895527936614
63,52500,4.346564649926974,3.426836101738329
63,53000,4.226943715662452,3.8359210973100817
63,53500,4.181919041375327,4.21257350641047
63,54000,4.044903928859384,4.58032104060558
63,54500,3.8969213712107322,4.964546200839747
63,55000,3.7256201881134254,5.37337146618291
64,48000,6.396757240783472,-0.7126592326587962
64,48500,6.498553652240176,-0.6211048496517999
64,49000,6.584260713268577,-0.33810219047260714
64,49500,6.6190225569203385,-0.053111128492194126
64,50000,6.638320778684679,-0.48427882591561566
64,50500,6.668710383163761,0.9205682493454486
64,51000,6.591144865243883,1.5020983248741726
64,51500,6.527053061548518,2.0456714588312437
64,52000,6.386448222178236,2.479328096486644
64,52500,6.355399560834623,2.9608763340683733
64,53000,6.245905587701017,3.3905198791986355
64,53500,6.091475196024186,3.835153022947923
64,54000,6.016899238462825,4.272861606306679
64,54500,5.794158873964295,4.739316721372668
64,55000,5.711593757382502,5.128762756423696
64,55500,5.542968780535313,5.623467027485751
65,48000,5.941801559228774,-0.7417408304097459
65,48500,6.1071623817264555,-0.5265432164183284
65,49000,6.134847763103872,-0.2182918131009104
65,49500,6.166365631343133,-0.2698811885729473
65,50000,6.151889989480916,0.5675742517172067
65,50500,6.115623426123591,0.9741309065684667
65,51000,6.161992150538045,1.4764776369125898
65,51500,6.041333452863618,2.050406163831808
65,52500,5.887692751756603,2.8323440409660354
65,53000,5.7288282851200085,3.3478639081051815
65,53500,5.614291995423908,3.720938047624725
65,54000,5.536802405662817,4.08979846284293
65,54500,5.430584542946127,4.504357671588398
65,55000,5.342764470200681,4.967835358129449
65,55500,5.299752226737021,5.49875309269107
66,49500,6.277796837155021,-0.6819393767645128
66,50000,6.338102538974058,-0.49101919003163763
66,50500,6.344716147464894,-0.1318132523761193
66,51000,6.302008124061631,-0.34334647556576625
66,51500,6.194137998312241,0.9017753739478906
66,52000,6.089074976796847,1.4047215470581977
66,52500,5.90941443065528,1.9772933950029903
66,53000,5.789151753608197,2.4132253345418215
66,53500,5.5967070113799,2.8902998754146143
66,54000,5.390011469641895,3.2730035753133087
66,54500,5.175857770237279,3.774290215693289
66,55000,4.974840298351548,4.278372538747387
66,55500,4.805371029587526,4.7910347355432945
66,56000,4.641634383510759,5.256563410265905
67,51000,6.34096040954245,-0.8348666152785369
67,51500,6.386431269353987,-0.6253751550879239
67,52500,6.263439080153621,-0.3713364718042973
67,53000,6.08450352446311,1.0107604910418968
67,53500,5.951503450707357,1.506072065863001
67,54000,5.814139503959758,2.0760978964045096
67,54500,5.718101956771339,2.7524089263133282
67,55000,5.672416405134083,3.304128660666558
67,55500,5.6186518193022525,4.060429453307219
67,56000,5.542516111046096,4.657440038924277
67,56500,5.436534178127226,5.22779180562916
67,57000,5.38133179816212,5.6038448080497005
68,62500,6.405177633944382,-0.7685960895281068
68,63000,6.419173407008807,-0.4742557577606421
68,63500,6.528400229703605,-0.11878068332774694
68,64000,6.496142281633786,-0.36945185196308605
68,64500,6.49536849562447,0.7770871432943909
68,65000,6.475082983152976,0.9935454091539864
68,65500,6.385513525187431,1.5787506210801578
68,66000,6.194670327264319,2.0895546111088734
68,66500,5.932721184569604,2.6031766594662873
68,67000,5.76196618224904,3.0255074897598093
68,67500,5.648026888494785,3.356787735463773
68,68000,5.4803200485938035,3.9103446058769706
68,68500,5.3515781067451185,4.456306274441218
68,69000,5.225964552699546,4.885708934276911
68,69500,5.02678221352021,5.488283054807269
69,65000,6.411835970740755,-0.7454911119107464
69,65500,6.374467068700008,-0.46977114554552246
69,66000,6.392637920657,-0.1565019928827862
69,66500,6.238563646511916,-0.327817956124695
69,67000,6.092841151196178,0.6640439706223371
69,67500,5.94712427459766,1.1452086994156638
69,68000,5.771927583381419,1.630495527209674
69,68500,5.563899296651313,2.064445857682908
69,69000,5.374973589507967,2.5067938896107966
69,69500,5.2144220642534,2.9400618429412764
69,70000,5.078172187210942,3.3796047923034935
69,70500,4.954756101888792,3.888853463748495
69,71000,4.790888408751464,4.3680768883072
69,71500,4.623617284064334,4.901369286917175
69,72000,4.504483334728319,5.314205092767707
70,81500,4.735786951920822,-0.9818319560631674
70,82000,4.683261898732926,-0.9186791265322758
70,82500,4.583645619869474,-0.7790848137583857
70,83000,4.542228439178416,-0.5396158017700636
70,83500,4.529923072666336,-0.21782708775875248
70,84000,4.450214092054505,-0.09959653135177327
70,84500,4.405153638156227,0.43605593858313396
70,85000,4.344992318534947,0.8399539761211381
70,85500,4.298137059339955,1.3431822010259626
70,86000,4.184243288462401,1.7555595153090526
70,86500,4.011483288823976,2.258846379112732
70,87000,3.8572369152681256,2.7063606887249114
70,87500,3.6591226404825,3.223774263615862
70,88000,3.468784153342857,3.831524887109898
70,88500,3.2599068128747666,4.358424692824199
70,89000,3.1489988643890534,4.824285905193292
70,89500,2.9386747102544453,5.332228265011469
71,81500,4.21820105535764,-0.9924430234921786
71,82000,4.062946810222382,-0.8973566590151245
71,82500,3.9745894334859244,-0.7531540310517859
71,83000,3.878327124853959,-0.5015597169804704
71,83500,3.8476100171697967,-0.1754030285939323
71,84000,3.845858521511687,-0.2270998128224604
71,84500,3.8034448234351927,0.6382049445109392
71,85000,3.65584352732243,0.9875574558539904
71,85500,3.6076465801619726,1.4076770775433731
71,86000,3.5257890635192553,1.879929378274388
71,86500,3.388018926102344,2.335229262923431
71,87000,3.240796472975002,2.785681602614508
71,87500,3.1030268836051524,3.28585719854855
71,88000,2.940919392807669,3.700129738178526
71,88500,2.7580012543861887,4.115479115033439
71,89500,2.446399887276063,4.946432348758923
71,90000,2.2914292729794994,5.345470810102887
72,83000,4.56461154187838,-0.9354623958627535
72,83500,4.47175568797129,-0.8164518684955038
72,84000,4.325867069084766,-0.5721899937417314
72,84500,4.240178297168661,-0.36907342309699365
72,85000,4.181923287224077,-0.05694036448334128
72,85500,4.024358800220954,0.5964243109059755
72,86500,3.8287666090578885,1.3608321875746077
72,87000,3.743989443457097,1.8090494263404047
72,88000,3.432522734753239,2.7366538414605754
72,89000,3.0381310148277834,3.6861317101706246
72,89500,2.8474411295375974,4.073670824256474
72,90000,2.776458956733765,4.454551994677291
72,90500,2.709623611358258,4.94279369118463
72,91000,2.5404573113217213,5.390658050023714
73,83500,3.403779912749603,-0.9963817514543849
73,84000,3.4945229840895644,-0.9251657308578718
73,84500,3.665619695687721,-0.818398843724208
73,85000,3.7772350332624764,-0.6217436941540386
73,85500,3.8264193048876045,-0.43251940802092026
73,86000,3.816228097069903,-0.19509409542066614
73,86500,3.8284717019923837,-0.14970247422542826
73,87000,3.8497732248651975,-0.11103855950200536
73,87500,3.9014547400461828,-0.05517617509503525
73,88000,3.836031552351506,-0.24688122466306828
73,88500,3.7950442594731024,0.4473082715476857
73,89000,3.702717403855602,0.8948664751044384
73,89500,3.519006021452812,1.2421875709597376
73,90000,3.4403229721428428,1.4768693583122148
73,90500,3.2575586461595236,1.937188181900963
73,91000,3.034055842095941,2.3230543455460158
73,91500,2.879814385131634,2.7882072248691028
73,92500,2.6032021619517076,3.5242758003555203
73,93000,2.459370953097472,3.984903126457433
73,93500,2.302678089171013,4.421913435991738
73,94000,2.1146499984852865,4.84821578839216
73,94500,2.030391385041704,5.038581317351281
73,95000,1.8234069889978546,5.3428427891414145
74,85500,3.816807479319423,-1.0005209757112974
74,86000,3.8904565498387242,-0.8445646953151105
74,86500,3.933363024824451,-0.7221097435957566
74,87000,4.082041052574185,-0.4985874130559589
74,87500,4.097467717582537,-0.245138686687993
74,88000,4.1235496268588765,-0.06268969848174377
74,88500,4.1759314696781225,-0.20223091324927278
74,89000,4.2400972797552114,0.7725305005371257
74,89500,4.2814801427651075,1.1341904456246885
74,90000,4.191777205478099,1.6113771386254498
74,90500,4.131791262885827,1.9648331720109908
74,91000,4.050372000859912,2.3896022461323536
74,91500,3.9121564321298923,2.8166859965656967
74,92000,3.686894514548407,3.311023638774902
74,92500,3.48726592152906,3.686443989972218
74,93000,3.2832266842353635,4.123922951356132
74,94000,2.8677745000650097,4.994353151598605
74,94500,2.7513281829259064,5.298108511519502
75,85500,4.477116509880348,-0.9644605805094102
75,86000,4.521587356918678,-0.8632294492085801
75,86500,4.594153681754376,-0.6902148143740705
75,87000,4.6586082415775785,-0.5224373808147726
75,87500,4.655568572249896,-0.323735745341204
75,88000,4.703543359605984,-0.0571553230718691
75,88500,4.741819818444567,-0.35110063896652344
75,89000,4.816657674808923,0.6607657483398564
75,89500,4.870516072758298,1.1630969173076826
75,90000,4.818133775696229,1.552620597898437
75,90500,4.818933107837571,1.8880782084027152
75,91000,4.7501531148729645,2.336543470908336
75,91500,4.65054228712833,2.8531318367954857
75,92000,4.528715361227355,3.2799986930808482
75,92500,4.428027172738508,3.7272728864530102
75,93000,4.26684915980824,4.184378943370108
75,93500,4.064296934315642,4.755895699194823
75,94000,3.7583722993035904,5.239378091480394
75,94500,3.5067612723365578,5.483633184628319
76,85000,3.1381798119183584,-0.9602926341277502
76,85500,3.2877301114727793,-0.8566080027226093
76,86000,3.3604284597241207,-0.7078099087087133
76,86500,3.4335927322298705,-0.5453826038238976
76,87000,3.4372386422076913,-0.424759718720535
76,87500,3.417432318573619,-0.20388992007820939
76,88000,3.3528895637073166,-0.14589532328955324
76,88500,3.321136779369703,0.39875490523884594
76,89000,3.209426236219203,0.6592016405643384
76,89500,3.0307949095095434,1.20237547893431
76,90000,2.901505681766257,1.487733080990604
76,90500,2.697869338011783,2.0393297582211267
76,91000,2.593503421948115,2.2784496691569025
76,91500,2.4071348900051284,2.7089812866431444
76,92000,2.228573614099494,3.1289552943712953
76,92500,2.050686537037576,3.530585890124126
76,93000,1.9070100379961463,3.867917698399357
76,93500,1.6902723237547228,4.289548920148301
76,94000,1.5649967480611888,4.594035721760774
76,94500,1.4018245970926033,4.967202312981474
76,95000,1.2167734533609238,5.231193631568294
77,96000,4.626387430429615,-0.9998965909770052
77,96500,4.459176074645037,-0.833200262067419
77,97000,4.421141685982603,-0.6558262366148302
77,97500,4.242003072649432,-0.26094323218231397
77,98000,4.1759314696781225,-0.20223091324927278
77,98500,3.9927607326124877,0.8503972981477919
77,99000,3.9403107437396727,1.4163283375384648
77,99500,3.879759519127842,1.9881463089051379
77,100000,3.7829988994890584,2.4769364041532898
77,100500,3.637747355019174,3.0577712292071126
77,101000,3.4184747931732327,3.6807513679575905
77,101500,3.2228563362211275,4.216991649023249
77,102000,2.9508585829029617,4.8856776018956785
77,102500,2.747718693988749,5.377523024847186
78,97000,6.4831245896606795,-0.48434393168112333
78,97500,6.420036886300147,-0.005734502441220091
78,98000,6.337738409275831,0.5418849144553386
78,98500,6.111917733203619,1.119974612369517
78,99000,5.8499144949604345,1.673650224132754
78,99500,5.557792892246061,2.316954361866257
78,100500,4.950174298208154,3.5604489455013106
78,101500,4.334209412476243,4.758459661834875
78,102000,4.072974222273742,5.284421908354545
79,97000,6.002496629203669,-0.4675272686946417
79,97500,5.998536954213996,-0.04928647484595894
79,98000,5.861438339397525,0.49305071807044865
79,98500,5.629640309932924,0.9444159510927697
79,99500,4.9804370765842245,1.8834274507426954
79,100000,4.7713782253745745,2.5078075374266744
79,101000,4.253803561283242,3.7276828968912885
79,102000,3.679262107643476,4.933459194964215
79,102500,3.3594576099986284,5.440877841850825
80,99000,3.3136101090713828,-0.9498067566296395
80,99500,3.4997240204689115,-0.8189320509759583
80,100000,3.5641386741096674,-0.6298403661221821
80,101000,3.5739124129372044,-0.08331866689102752
80,101500,3.4861556191678895,0.35135827675225295
80,102000,3.3893861804939363,0.8402583978281961
80,102500,3.2399802962454043,1.3499104668546011
80,103000,3.1647720080856407,1.7170210964656794
80,104000,2.8507407090021477,2.6317459826666747
80,104500,2.6753758689390876,3.0647643750950095
80,105500,2.286252155519091,3.8563903532973285
80,106000,2.066227863981662,4.368399086631301
80,106500,1.8201741216574012,4.9069601853716796
80,107000,1.5733359792743968,5.279326061580671
81,110500,6.408999985014977,-0.8767297201204509
81,111500,6.547760219375602,-0.2350943968231105
81,112000,6.510105064996012,-0.5046968988364045
81,112500,6.425655767141385,1.1938045283042968
81,113000,6.445561411235539,1.8501050668816044
81,113500,6.309649573972424,2.625713114809339
81,114000,6.234420704225971,3.3112334638877936
81,114500,5.916727176630168,4.128496806355159
81,115000,5.72974551105079,4.854667166036635
81,115500,5.570676196886477,5.490454932631451
82,111500,5.951468062738891,-0.876764544614649
82,112000,6.02031853837223,-0.4398376337227963
82,112500,6.109018736436335,-0.12869463503142642
82,113000,6.04379044784615,0.8400643010665161
82,113500,5.876720431441813,1.5279306267984918
82,114000,5.655654969811486,2.402274323698099
82,115000,5.301368045805317,3.6574827209609904
82,115500,5.156086805465513,4.719923699767911
82,116000,4.918971352653761,5.595662655269398
83,117000,4.326621412344705,-0.9442511814230721
83,117500,4.248748327879911,-0.6971342936078755
83,118000,4.19511523432712,-0.4070859160464364
83,118500,4.101647112833775,-0.20655475441208138
83,119000,3.978615423255408,0.9173158598416555
83,119500,3.7955328393999332,1.7417324723127812
83,120000,3.695636397634952,2.377369415535684
84,117000,3.847302622229398,-0.9514810189871974
84,117500,3.755986541955057,-0.7463838993403247
84,118000,3.7063435682317527,-0.41807284479309725
84,118500,3.6384409210310356,-0.15868968782288473
84,119000,3.5649898286891846,0.7176532849583537
84,119500,3.376806574145842,1.3888347994901382
84,120000,3.14371079309164,2.084518386310203
